﻿code UAI,type d'établissement,nom,statut,tutelle,CP,commune,commune (COG),téléphone,département,académie,région,longitude,latitude
9840401N,Collège,Collège de Makémo,Public,Ministère chargé de l'Éducation nationale,98769,Makemo,98726,(689) 40 98 03 09,Polynésie française,Collectivités d'Outre Mer,Collectivités d'Outre Mer,-143.6366484,-16.6212045
9840265R,Collège,Collège de Rurutu,Public,Ministère chargé de l'Éducation nationale,98753,Rurutu,98744,689 40 93 03 00,Polynésie française,Collectivités d'Outre Mer,Collectivités d'Outre Mer,-151.3326862,-22.4735783
9840332N,Collège,Collège de Rangiroa,Public,Ministère chargé de l'Éducation nationale,98775,Rangiroa,98740,689 40 93 13 40,Polynésie française,Collectivités d'Outre Mer,Collectivités d'Outre Mer,-147.492429,-15.0917153
9840392D,Collège,Collège Maco Tévane de Taunoa,Public,Ministère chargé de l'Éducation nationale,98716,Pirae,98736,689 40 54 51 51,Polynésie française,Collectivités d'Outre Mer,Collectivités d'Outre Mer,-149.569595,-17.535021
9840290T,Collège,Collège Teriitua A Teriierooiterai de Paea,Public,Ministère chargé de l'Éducation nationale,98711,Paea,98733,689 40 50 06 20,Polynésie française,Collectivités d'Outre Mer,Collectivités d'Outre Mer,-149.587296,-17.692801
9840385W,Collège,Collège des Iles sous le vent d'Uturoa,Public,Ministère chargé de l'Éducation nationale,98735,Uturoa,98758,689 40 66 06 30,Polynésie française,Collectivités d'Outre Mer,Collectivités d'Outre Mer,-151.448898,-16.73164
9840289S,Collège,Collège de Arue,Public,Ministère chargé de l'Éducation nationale,98701,Arue,98712,00 689 40 50 04 50,Polynésie française,Collectivités d'Outre Mer,Collectivités d'Outre Mer,-149.526215,-17.526186
9840022B,Collège,Collège de Papara,Public,Ministère chargé de l'Éducation nationale,98764,Papara,98734,689 40 54 80 40,Polynésie française,Collectivités d'Outre Mer,Collectivités d'Outre Mer,-149.505096,-17.76034
9840233F,Collège,Collège Henri Hiro de Faa'a,Public,Ministère chargé de l'Éducation nationale,98702,Faaa,98715,689 40 80 34 00,Polynésie française,Collectivités d'Outre Mer,Collectivités d'Outre Mer,-149.597397,-17.550961
9840021A,Collège,Collège de Taravao,Public,Ministère chargé de l'Éducation nationale,98719,Taiarapu-Est,98747,689 40 54 89 89,Polynésie française,Collectivités d'Outre Mer,Collectivités d'Outre Mer,-149.309402,-17.60824
9840208D,Collège,Collège de Taaone,Public,Ministère chargé de l'Éducation nationale,98716,Pirae,98736,689 40 50 16 01,Polynésie française,Collectivités d'Outre Mer,Collectivités d'Outre Mer,-149.5485162735,-17.531439701706
9840014T,Collège,Collège Anne-Marie Javouhey de Papeete,Privé sous contrat,Ministère chargé de l'Éducation nationale,98713,Papeete,98735,689 42 02 90,Polynésie française,Collectivités d'Outre Mer,Collectivités d'Outre Mer,-149.56169128418,-17.539623917787
9840360U,Collège,Collège de Hao,Public,Ministère chargé de l'Éducation nationale,98767,Hao,98720,689 40 97 02 99,Polynésie française,Collectivités d'Outre Mer,Collectivités d'Outre Mer,-140.8885663,-18.1384881
9840011P,Collège,Collège de Pao Pao,Public,Ministère chargé de l'Éducation nationale,98728,Paopao,98729,689 40 55 00 65,Polynésie française,Collectivités d'Outre Mer,Collectivités d'Outre Mer,-149.762497,-17.490278
9840016V,Collège,Collège Notre-Dame des Anges,Privé sous contrat,Ministère chargé de l'Éducation nationale,98704,Faaa,98715,689 800 800,Polynésie française,Collectivités d'Outre Mer,Collectivités d'Outre Mer,-149.597397,-17.550961
9840015U,Collège,Collège - Lycée Anne-Marie Javouhey d'Uturoa,Privé sous contrat,Ministère chargé de l'Éducation nationale,98735,Raiatea,98758,00689 40 600 606,Polynésie française,Collectivités d'Outre Mer,Collectivités d'Outre Mer,-151.448898,-16.73164
9840338V,Collège,Collège de Tipaerui,Public,Ministère chargé de l'Éducation nationale,98713,Papeete,98735,689 40 50 96 50,Polynésie française,Collectivités d'Outre Mer,Collectivités d'Outre Mer,-149.57731246948,-17.548544292464
9840024D,Collège,Collège de Bora Bora,Public,Ministère chargé de l'Éducation nationale,98730,Bora bora,98714,689 40 60 57 00,Polynésie française,Collectivités d'Outre Mer,Collectivités d'Outre Mer,-151.7414904,-16.5004126
9840161C,Collège,Collège - Lycée du Sacré-Coeur,Privé sous contrat,Ministère chargé de l'Éducation nationale,98719,Taiarapu-Est,98747,689 54 70 40,Polynésie française,Collectivités d'Outre Mer,Collectivités d'Outre Mer,-149.309402,-17.60824
9840201W,Collège,Collège de Afareaitu,Public,Ministère chargé de l'Éducation nationale,98728,Moorea maiao,98729,689 40 55 06 55,Polynésie française,Collectivités d'Outre Mer,Collectivités d'Outre Mer,-149.794601,-17.552139
9840234G,Collège,Collège de Tahaa,Public,Ministère chargé de l'Éducation nationale,98734,Tahaa,98745,689 40 60 80 00,Polynésie française,Collectivités d'Outre Mer,Collectivités d'Outre Mer,-151.5019256,-16.6094815
9840012R,Collège,Collège de Mataura,Public,Ministère chargé de l'Éducation nationale,98754,Tubuai,98753,689 40 93 23 93,Polynésie française,Collectivités d'Outre Mer,Collectivités d'Outre Mer,-149.45,-23.383333
9840013S,Collège,Collège Taiohae TE TAU VAE IA,Public,Ministère chargé de l'Éducation nationale,98742,Nuku hiva,98731,689 40 92 03 83,Polynésie française,Collectivités d'Outre Mer,Collectivités d'Outre Mer,-140.1,-8.866667
9840018X,Collège,Collège et lycée Pomare IV,Privé sous contrat,Ministère chargé de l'Éducation nationale,98713,Papeete,98735,689 50 47 50,Polynésie française,Collectivités d'Outre Mer,Collectivités d'Outre Mer,-149.5647512,-17.5391754
9840348F,Collège,Collège de Faaroa,Public,Ministère chargé de l'Éducation nationale,98735,Taputapuatea,98750,689 40 60 07 60,Polynésie française,Collectivités d'Outre Mer,Collectivités d'Outre Mer,-151.448898,-16.73164
9840020Z,Collège,Collège Sainte-Anne,Privé sous contrat,Ministère chargé de l'Éducation nationale,98741,Hiva oa,98723,689 92 73 07,Polynésie française,Collectivités d'Outre Mer,Collectivités d'Outre Mer,-139.032154,-9.797369
9840025E,Collège,Collège de Huahine,Public,Ministère chargé de l'Éducation nationale,98731,Huaniné,98724,689 40 60 67 20,Polynésie française,Collectivités d'Outre Mer,Collectivités d'Outre Mer,-149.49646,-23.374168
9840203Y,Collège,Collège de Ua Pou,Public,Ministère chargé de l'Éducation nationale,98745,Ua pou,98757,689 40 92 53 83,Polynésie française,Collectivités d'Outre Mer,Collectivités d'Outre Mer,-140.083333,-9.416667
9840252B,Collège,Collège de Mahina,Public,Ministère chargé de l'Éducation nationale,98709,Mahina,98725,689 40 50 87 60,Polynésie française,Collectivités d'Outre Mer,Collectivités d'Outre Mer,-149.4561,-17.50938
9840352K,Collège,Collège de Hitia'a,Public,Ministère chargé de l'Éducation nationale,98709,Mahina,98725,689 40 54 74 80,Polynésie française,Collectivités d'Outre Mer,Collectivités d'Outre Mer,-149.309402,-17.60824
9840340X,Collège,Collège de Punaauia,Public,Ministère chargé de l'Éducation nationale,98717,Punaauia,98738,689 40 50 26 88,Polynésie française,Collectivités d'Outre Mer,Collectivités d'Outre Mer,-149.619095,-17.634781
9840410Y,Collège,Collège Tinomana Ebb de Teva I Uta,Public,Ministère chargé de l'Éducation nationale,98726,Teva i uta,98752,40 50 00 15,Polynésie française,Collectivités d'Outre Mer,Collectivités d'Outre Mer,-149.383678,-17.739204
9840375K,Collège,Groupement d'observation dispersé de Maupiti,Public,Ministère chargé de l'Éducation nationale,98735,Uturoa,98758,689 40 67 81 40,Polynésie française,Collectivités d'Outre Mer,Collectivités d'Outre Mer,-151.448898,-16.73164
9840394F,Lycée,Lycée Samuel Raapoto,Privé sous contrat,Ministère chargé de l'Éducation nationale,98713,Papeete,98735,689 50 21 50,Polynésie française,Collectivités d'Outre Mer,Collectivités d'Outre Mer,-149.51139450073,-17.526365302254
9840465H,Lycée,Lycée La Mennais,Privé sous contrat,Ministère chargé de l'Éducation nationale,98713,Papeete,98735,689 47 14 00,Polynésie française,Collectivités d'Outre Mer,Collectivités d'Outre Mer,-149.56546783447,-17.542201869338
9840466J,Collège,Collège La Mennais,Privé sous contrat,Ministère chargé de l'Éducation nationale,98714,Papeete,98735,689 47 14 00,Polynésie française,Collectivités d'Outre Mer,Collectivités d'Outre Mer,-149.56591844559,-17.542201869338
9840400M,Collège,Collège d'Atuona,Public,Ministère chargé de l'Éducation nationale,98741,Hiva oa,98723,689 40 91 70 70,Polynésie française,Collectivités d'Outre Mer,Collectivités d'Outre Mer,-149.511772,-17.6194
9840251A,Collège,Collège Tiarama,Privé sous contrat,Ministère chargé de l'Éducation nationale,98714,Papeete,98735,689 54 17 00,Polynésie française,Collectivités d'Outre Mer,Collectivités d'Outre Mer,-149.569595,-17.535021
9840268U,Lycée,Lycée Hôtelier de Tahiti,Public,Ministère chargé de l'Éducation nationale,98717,Punaauia,98738,689 40 50 45 50,Polynésie française,Collectivités d'Outre Mer,Collectivités d'Outre Mer,-149.619095,-17.634781
9840386X,Lycée,Lycée polyvalent Tuianu Le Gayic de Papara,Public,Ministère chargé de l'Éducation nationale,98764,Papara,98734,689 40 54 76 50,Polynésie française,Collectivités d'Outre Mer,Collectivités d'Outre Mer,-149.505096,-17.76034
9840002E,Lycée,Lycée Paul Gauguin,Public,Ministère chargé de l'Éducation nationale,98713,Papeete,98735,689 40 54 00 54,Polynésie française,Collectivités d'Outre Mer,Collectivités d'Outre Mer,-149.57722663879,-17.546621129547
9840023C,Lycée,Lycée polyvalent de Taaone,Public,Ministère chargé de l'Éducation nationale,98716,Pirae,98736,689 40 54 26 00,Polynésie française,Collectivités d'Outre Mer,Collectivités d'Outre Mer,-149.541,-17.532129
9840407V,Lycée,Lycée tertiaire Aorai de Pirae,Public,Ministère chargé de l'Éducation nationale,98716,Pirae,98736,689 40 54 92 29,Polynésie française,Collectivités d'Outre Mer,Collectivités d'Outre Mer,-149.541,-17.532129
9840001D,Lycée,Lycée des Îles Sous-le-Vent d'Uturoa,Public,Ministère chargé de l'Éducation nationale,98735,Uturoa,98758,689 40 66 06 30,Polynésie française,Collectivités d'Outre Mer,Collectivités d'Outre Mer,-151.448898,-16.73164
9840339W,Lycée,Lycée polyvalent de Taiarapu - Nui,Public,Ministère chargé de l'Éducation nationale,98719,Taiarapu-Est,98747,689 40 54 71 71,Polynésie française,Collectivités d'Outre Mer,Collectivités d'Outre Mer,-149.3111515,-17.7398171
